checkout_id,member_id,book_id,checkout_date,return_date,first_name,last_name,grade,neighborhood,membership_status,join_date,member_total_book_count,title,author,genre,pages,publication_year,publisher,source
9263,1047,517,2024-10-21,2024-11-07,Sara,Rashad,,Heliopolis,Inactive,2024-06-25,16.0,Shadows on the Corniche,Hani Nagati,Mystery,338,2015.0,Delta House,Library Database
9340,1072,513,2025-08-24,2025-09-01,Seif,Zaki,9.0,Zamalek,Active,2025-10-21,14.0,Circuits for Beginners,Galal Mounir,Science,294,2021.0,Oasis Books,Library Database
9231,1053,523,2024-02-04,2024-02-16,Adam,Shafik,9.0,Heliopolis,Active,2024-01-03,5.0,Footsteps in the Dust,Laila Shokry,Historical,276,2018.0,Oasis Books,Library Database
9129,1032,513,2025-06-21,2025-06-29,Nada,Zaki,7.0,Nasr City,Active,2025-10-19,6.0,Circuits for Beginners,Galal Mounir,Science,294,2021.0,Oasis Books,Library Database
9370,1079,511,2025-11-11,2025-12-03,Rana,Osman,8.0,Shubra,Active,2024-10-27,10.0,Winter in Alexandria,Farida Anwar,Historical,117,2016.0,Nile Press,Library Database
9082,1010,528,2025-11-11,2025-11-18,Nour,Nabil,6.0,Maadi ,Active,2024-05-15,18.0,The Glass Beehive,Mona Kholoussy,Nature,114,2010.0,Delta House,Library Database
9238,1057,513,2024-03-28,2024-04-08,Ahmed,Fahmy,8.0,Heliopolis,Active,2024-01-12,10.0,Circuits for Beginners,Galal Mounir,Science,294,2021.0,Oasis Books,Library Database
9012,1010,501,2025-02-17,,Nour,Nabil,6.0,Maadi ,Active,2024-05-15,18.0,The Silver Kite,Amina Darwish,Adventure,128,2017.0,Nile Press,Library Database
9127,1024,506,2025-06-13,,Youssef,Hegazy,8.0,Nasr City,inactive,2024-01-04,17.0,The Paper Boat Club,Aya Hafez,Friendship,183,,Nile Press,Library Database
9020,1016,506,2024-04-15,2024-05-04,Dina,Rashad,8.0,Maadi,Active,2023-04-24,7.0,The Paper Boat Club,Aya Hafez,Friendship,183,,Nile Press,Library Database
9208,1044,525,2024-07-10,2024-08-01,Sherif,Saleh,7.0,Heliopolis,active,2024-02-19,21.0,Storms and Sailboats,Mahmoud Rafei,Adventure,297,2015.0,Oasis Books,Library Database
9319,1065,515,2025-02-10,2025-02-21,Adam,Fahmy,6.0,Zamalek,Active,2025-07-12,17.0,Songs of the Oasis,Hoda Bakry,Poetry,316,2022.0,Cairo Young Readers,Library Database
9097,1018,501,2025-10-05,2025-10-14,Ahmed,Shafik,9.0,Maadi,Active,2023-01-28,17.0,The Silver Kite,Amina Darwish,Adventure,128,2017.0,Nile Press,Library Database
9137,1041,519,2025-07-27,2025-08-05,Nada,Rashad,7.0,Nasr City,Active,2024-04-02,2.0,Kites Over Cairo,Jasmine Wahdan,Friendship,157,2014.0,Nile Press,Library Database
9157,1032,525,2024-03-04,2024-04-03,Nada,Zaki,7.0,Nasr City,Active,2025-10-19,6.0,Storms and Sailboats,Mahmoud Rafei,Adventure,297,2015.0,Oasis Books,Library Database
9383,1070,501,2024-07-11,2024-07-31,Ahmed,Zaki,9.0,Zamalek,Active,2025-07-22,3.0,The Silver Kite,Amina Darwish,Adventure,128,2017.0,Nile Press,Library Database
9131,1034,505,2025-12-16,2025-12-25,Aya,Wahba,9.0,Nasr City,Active,2025-01-22,25.0,Letters to the Nile,Aya Hafez,Historical,216,2024.0,Oasis Books,Library Database
9113,1027,507,2024-06-26,2024-07-08,Mostafa,Fouad,9.0,Nasr City,Active,2023-09-25,18.0,Fossils and Fireflies,Dalia Serry,Science,160,2024.0,Nile Press,Library Database
9144,1024,501,2025-11-07,2025-11-25,Youssef,Hegazy,8.0,Nasr City,inactive,2024-01-04,17.0,The Silver Kite,Amina Darwish,Adventure,128,2017.0,Nile Press,Library Database
9005,1008,513,2025-04-20,2025-04-29,Ziad,Saleh,8.0,Maadi,active,2025-10-28,19.0,Circuits for Beginners,Galal Mounir,Science,294,2021.0,Oasis Books,Library Database
9272,1044,518,2025-01-24,2025-02-04,Sherif,Saleh,7.0,Heliopolis,active,2024-02-19,21.0,The Ninth Lighthouse,Hani Nagati,Adventure,163,2011.0,Delta House,Library Database
9283,1072,513,2025-09-17,2025-09-25,Seif,Zaki,9.0,Zamalek,Active,2025-10-21,14.0,Circuits for Beginners,Galal Mounir,Science,294,2021.0,Oasis Books,Library Database
9030,1018,507,2025-03-09,,Ahmed,Shafik,9.0,Maadi,Active,2023-01-28,17.0,Fossils and Fireflies,Dalia Serry,Science,160,2024.0,Nile Press,Library Database
9291,1065,526,2024-03-25,2024-03-31,Adam,Fahmy,6.0,Zamalek,Active,2025-07-12,17.0,The Clockwork Orchard,Mahmoud Rafei,Science Fiction,125,2016.0,Delta House,Library Database
9369,1076,501,2025-06-05,,Dina,Wahba,7.0,Shubra,Active,2025-12-13,7.0,The Silver Kite,Amina Darwish,Adventure,128,2017.0,Nile Press,Library Database
9225,1059,516,2025-08-06,2025-08-22,Lina,Halim,7.0,Heliopolis,Active,2024-01-06,7.0,The Beekeeper's Almanac,Hoda Bakry,Nature,241,2010.0,Nile Press,Library Database
9256,1059,521,2025-07-09,,Lina,Halim,7.0,Heliopolis,Active,2024-01-06,7.0,A Garden of Equations,Karim Elwy,Science,211,2024.0,Cairo Young Readers,Library Database
9234,1053,525,2024-02-13,2024-03-06,Adam,Shafik,9.0,Heliopolis,Active,2024-01-03,5.0,Storms and Sailboats,Mahmoud Rafei,Adventure,297,2015.0,Oasis Books,Library Database
9152,1030,525,2025-01-03,,Reem,Osman,,Nasr City,Active,2025-04-01,16.0,Storms and Sailboats,Mahmoud Rafei,Adventure,297,2015.0,Oasis Books,Library Database
9063,1018,515,2024-10-22,,Ahmed,Shafik,9.0,Maadi,Active,2023-01-28,17.0,Songs of the Oasis,Hoda Bakry,Poetry,316,2022.0,Cairo Young Readers,Library Database
9161,1040,519,2025-10-11,2025-11-01,Dina,Adel,9.0,Nasr City,Active,2025-12-26,2.0,Kites Over Cairo,Jasmine Wahdan,Friendship,157,2014.0,Nile Press,Library Database
9206,1050,519,2024-03-17,,Fares,Adel,6.0,Heliopolis,inactive,2025-09-10,11.0,Kites Over Cairo,Jasmine Wahdan,Friendship,157,2014.0,Nile Press,Library Database
9031,1020,530,2025-12-28,2026-01-05,Rana,Fouad,6.0,Maadi,Active,2025-12-04,7.0,The Sandstone Key,Sara Tantawy,Adventure,208,2012.0,Oasis Books,Library Database
9189,1032,507,2025-12-08,2025-12-16,Nada,Zaki,7.0,Nasr City,Active,2025-10-19,6.0,Fossils and Fireflies,Dalia Serry,Science,160,2024.0,Nile Press,Library Database
9288,1065,519,2025-03-20,2025-03-31,Adam,Fahmy,6.0,Zamalek,Active,2025-07-12,17.0,Kites Over Cairo,Jasmine Wahdan,Friendship,157,2014.0,Nile Press,Library Database
9236,1052,507,2024-09-02,2024-09-29,Retaj,Adel,7.0,Heliopolis,Active,2025-06-07,1.0,Fossils and Fireflies,Dalia Serry,Science,160,2024.0,Nile Press,Library Database
9360,1077,520,2024-03-04,2024-03-16,Lina,Rashad,6.0,Shubra,Active,2023-07-08,6.0,The Copper Telescope,Jasmine Wahdan,Science Fiction,136,2009.0,Oasis Books,Library Database
9111,1027,510,2024-09-12,2024-10-03,Mostafa,Fouad,9.0,Nasr City,Active,2023-09-25,18.0,The Missing Metronome,Diaa Sultan,Mystery,134,2013.0,Cairo Young Readers,Library Database
9342,1068,501,2025-05-28,2025-06-27,Layla,Hegazy,8.0,Zamalek,Inactive,2025-02-24,6.0,The Silver Kite,Amina Darwish,Adventure,128,2017.0,Nile Press,Library Database
9380,1022,513,2024-04-22,2024-04-28,Youssef,Fouad,7.0,Maadi,Active,2025-02-28,6.0,Circuits for Beginners,Galal Mounir,Science,294,2021.0,Oasis Books,Library Database
9302,1061,507,2024-06-22,,Ziad,Fahmy,9.0,zamalek,Inactive,2023-04-27,8.0,Fossils and Fireflies,Dalia Serry,Science,160,2024.0,Nile Press,Library Database
9173,1027,532,2025-03-10,2025-04-06,Mostafa,Fouad,9.0,Nasr City,Active,2023-09-25,18.0,The Last Bookmark,Samir Zohdy,Friendship,337,2017.0,Oasis Books,Library Database
9019,1014,513,2024-03-06,2024-03-23,Habiba,Nabil,6.0,Maadi,Active,2024-07-09,1.0,Circuits for Beginners,Galal Mounir,Science,294,2021.0,Oasis Books,Library Database
9143,1024,518,2025-10-02,,Youssef,Hegazy,8.0,Nasr City,inactive,2024-01-04,17.0,The Ninth Lighthouse,Hani Nagati,Adventure,163,2011.0,Delta House,Library Database
9222,1050,505,2024-01-09,2024-02-01,Fares,Adel,6.0,Heliopolis,inactive,2025-09-10,11.0,Letters to the Nile,Aya Hafez,Historical,216,2024.0,Oasis Books,Library Database
9101,1020,532,2025-05-25,2025-06-15,Rana,Fouad,6.0,Maadi,Active,2025-12-04,7.0,The Last Bookmark,Samir Zohdy,Friendship,337,2017.0,Oasis Books,Library Database
9316,1065,513,2024-08-25,2024-09-17,Adam,Fahmy,6.0,Zamalek,Active,2025-07-12,17.0,Circuits for Beginners,Galal Mounir,Science,294,2021.0,Oasis Books,Library Database
9148,1027,532,2025-07-05,2025-07-26,Mostafa,Fouad,9.0,Nasr City,Active,2023-09-25,18.0,The Last Bookmark,Samir Zohdy,Friendship,337,2017.0,Oasis Books,Library Database
9070,1018,513,2025-01-08,2025-02-01,Ahmed,Shafik,9.0,Maadi,Active,2023-01-28,17.0,Circuits for Beginners,Galal Mounir,Science,294,2021.0,Oasis Books,Library Database
9139,1036,521,2024-03-14,2024-03-20,Lina,Zaki,7.0,Nasr City,Active,2025-08-05,1.0,A Garden of Equations,Karim Elwy,Science,211,2024.0,Cairo Young Readers,Library Database
9043,1005,505,2024-01-26,2024-02-04,Youssef,Halim,9.0,Maadi,Active,2024-05-05,3.0,Letters to the Nile,Aya Hafez,Historical,216,2024.0,Oasis Books,Library Database
9187,1034,502,2024-08-11,,Aya,Wahba,9.0,Nasr City,Active,2025-01-22,25.0,Desert Compass,Amina Darwish,Adventure,109,2018.0,Delta House,Library Database
9269,1054,507,2025-01-26,2025-01-31,Retaj,Fahmy,6.0,Heliopolis,Inactive,2024-03-21,6.0,Fossils and Fireflies,Dalia Serry,Science,160,2024.0,Nile Press,Library Database
9056,1010,519,2025-07-11,2025-07-27,Nour,Nabil,6.0,Maadi ,Active,2024-05-15,18.0,Kites Over Cairo,Jasmine Wahdan,Friendship,157,2014.0,Nile Press,Library Database
9057,1020,519,2025-02-03,,Rana,Fouad,6.0,Maadi,Active,2025-12-04,7.0,Kites Over Cairo,Jasmine Wahdan,Friendship,157,2014.0,Nile Press,Library Database
9140,1034,513,2025-03-06,2025-04-02,Aya,Wahba,9.0,Nasr City,Active,2025-01-22,25.0,Circuits for Beginners,Galal Mounir,Science,294,2021.0,Oasis Books,Library Database
9209,1058,525,2024-11-22,2024-12-12,Lina,Mansour,8.0,Heliopolis,active,2025-07-20,3.0,Storms and Sailboats,Mahmoud Rafei,Adventure,297,2015.0,Oasis Books,Library Database
9249,1057,519,2024-10-17,2024-11-03,Ahmed,Fahmy,8.0,Heliopolis,Active,2024-01-12,10.0,Kites Over Cairo,Jasmine Wahdan,Friendship,157,2014.0,Nile Press,Library Database
9058,1006,501,2025-03-18,2025-04-09,Layla,Mansour,6.0,Maadi,Inactive,2024-02-12,1.0,The Silver Kite,Amina Darwish,Adventure,128,2017.0,Nile Press,Library Database
9366,1079,503,2024-06-23,2024-07-23,Rana,Osman,8.0,Shubra,Active,2024-10-27,10.0,The Lantern Maker,Adel Roushdy,Historical,259,,Nile Press,Library Database
9218,1044,532,2025-04-23,2025-05-04,Sherif,Saleh,7.0,Heliopolis,active,2024-02-19,21.0,The Last Bookmark,Samir Zohdy,Friendship,337,2017.0,Oasis Books,Library Database
9355,1075,515,2024-11-10,2024-12-02,Malak,Fahmy,7.0,Shubra,Active,2024-10-28,9.0,Songs of the Oasis,Hoda Bakry,Poetry,316,2022.0,Cairo Young Readers,Library Database
9205,1053,525,2024-12-02,2024-12-14,Adam,Shafik,9.0,Heliopolis,Active,2024-01-03,5.0,Storms and Sailboats,Mahmoud Rafei,Adventure,297,2015.0,Oasis Books,Library Database
9025,1001,525,2024-10-24,2024-11-07,Salma,Ibrahim,8.0,Maadi,Active,2023-04-05,1.0,Storms and Sailboats,Mahmoud Rafei,Adventure,297,2015.0,Oasis Books,Library Database
9124,1024,525,2025-10-14,2025-11-13,Youssef,Hegazy,8.0,Nasr City,inactive,2024-01-04,17.0,Storms and Sailboats,Mahmoud Rafei,Adventure,297,2015.0,Oasis Books,Library Database
9034,1015,511,2025-10-13,,Hamza,Sabry,7.0,Maadi,Inactive,2025-08-13,3.0,Winter in Alexandria,Farida Anwar,Historical,117,2016.0,Nile Press,Library Database
9181,1041,509,2025-03-24,,Nada,Rashad,7.0,Nasr City,Active,2024-04-02,2.0,Marbles and Mirrors,Diaa Sultan,Mystery,221,2011.0,Nile Press,Library Database
9171,1027,507,2025-05-23,2025-06-19,Mostafa,Fouad,9.0,Nasr City,Active,2023-09-25,18.0,Fossils and Fireflies,Dalia Serry,Science,160,2024.0,Nile Press,Library Database
9318,1067,513,2025-07-23,2025-08-17,Aya,Ibrahim,7.0,Zamalek,Inactive,2024-07-03,3.0,Circuits for Beginners,Galal Mounir,Science,294,2021.0,Oasis Books,Library Database
9296,1065,501,2024-12-15,2025-01-11,Adam,Fahmy,6.0,Zamalek,Active,2025-07-12,17.0,The Silver Kite,Amina Darwish,Adventure,128,2017.0,Nile Press,Library Database
9348,1075,532,2024-07-28,2024-08-25,Malak,Fahmy,7.0,Shubra,Active,2024-10-28,9.0,The Last Bookmark,Samir Zohdy,Friendship,337,2017.0,Oasis Books,Library Database
9141,1027,529,2025-02-09,2025-03-03,Mostafa,Fouad,9.0,Nasr City,Active,2023-09-25,18.0,Riddles of the Red Sea,Sara Tantawy,Mystery,298,,Cairo Young Readers,Library Database
9094,1022,527,2024-11-22,2024-12-08,Youssef,Fouad,7.0,Maadi,Active,2025-02-28,6.0,Notes from the Delta,Mona Kholoussy,Nature,328,2017.0,Delta House,Library Database
9280,1054,517,2024-09-06,2024-09-15,Retaj,Fahmy,6.0,Heliopolis,Inactive,2024-03-21,6.0,Shadows on the Corniche,Hani Nagati,Mystery,338,2015.0,Delta House,Library Database
9211,1044,507,2025-04-28,2025-05-25,Sherif,Saleh,7.0,Heliopolis,active,2024-02-19,21.0,Fossils and Fireflies,Dalia Serry,Science,160,2024.0,Nile Press,Library Database
9294,1067,507,2024-11-26,,Aya,Ibrahim,7.0,Zamalek,Inactive,2024-07-03,3.0,Fossils and Fireflies,Dalia Serry,Science,160,2024.0,Nile Press,Library Database
9372,1076,519,2025-03-06,2025-04-02,Dina,Wahba,7.0,Shubra,Active,2025-12-13,7.0,Kites Over Cairo,Jasmine Wahdan,Friendship,157,2014.0,Nile Press,Library Database
9112,1031,521,2024-07-28,2024-08-22,Ali,Fahmy,8.0,NASR CITY,Active,2023-09-08,1.0,A Garden of Equations,Karim Elwy,Science,211,2024.0,Cairo Young Readers,Library Database
9001,1008,501,2025-08-23,2025-08-28,Ziad,Saleh,8.0,Maadi,active,2025-10-28,19.0,The Silver Kite,Amina Darwish,Adventure,128,2017.0,Nile Press,Library Database
9328,1070,501,2024-01-28,,Ahmed,Zaki,9.0,Zamalek,Active,2025-07-22,3.0,The Silver Kite,Amina Darwish,Adventure,128,2017.0,Nile Press,Library Database
9075,1018,510,2024-07-01,,Ahmed,Shafik,9.0,Maadi,Active,2023-01-28,17.0,The Missing Metronome,Diaa Sultan,Mystery,134,2013.0,Cairo Young Readers,Library Database
9149,1032,507,2025-02-09,2025-02-18,Nada,Zaki,7.0,Nasr City,Active,2025-10-19,6.0,Fossils and Fireflies,Dalia Serry,Science,160,2024.0,Nile Press,Library Database
9165,1030,519,2025-03-27,2025-04-02,Reem,Osman,,Nasr City,Active,2025-04-01,16.0,Kites Over Cairo,Jasmine Wahdan,Friendship,157,2014.0,Nile Press,Library Database
9255,1044,509,2025-05-24,2025-06-13,Sherif,Saleh,7.0,Heliopolis,active,2024-02-19,21.0,Marbles and Mirrors,Diaa Sultan,Mystery,221,2011.0,Nile Press,Library Database
9304,1068,519,2024-04-16,2024-05-09,Layla,Hegazy,8.0,Zamalek,Inactive,2025-02-24,6.0,Kites Over Cairo,Jasmine Wahdan,Friendship,157,2014.0,Nile Press,Library Database
9322,1061,510,2025-10-20,2025-11-15,Ziad,Fahmy,9.0,zamalek,Inactive,2023-04-27,8.0,The Missing Metronome,Diaa Sultan,Mystery,134,2013.0,Cairo Young Readers,Library Database
9317,1061,507,2024-01-26,2024-02-09,Ziad,Fahmy,9.0,zamalek,Inactive,2023-04-27,8.0,Fossils and Fireflies,Dalia Serry,Science,160,2024.0,Nile Press,Library Database
9271,1044,513,2025-04-26,2025-05-06,Sherif,Saleh,7.0,Heliopolis,active,2024-02-19,21.0,Circuits for Beginners,Galal Mounir,Science,294,2021.0,Oasis Books,Library Database
9186,1034,516,2025-07-17,2025-08-03,Aya,Wahba,9.0,Nasr City,Active,2025-01-22,25.0,The Beekeeper's Almanac,Hoda Bakry,Nature,241,2010.0,Nile Press,Library Database
9333,1072,520,2025-06-03,2025-06-08,Seif,Zaki,9.0,Zamalek,Active,2025-10-21,14.0,The Copper Telescope,Jasmine Wahdan,Science Fiction,136,2009.0,Oasis Books,Library Database
9188,1023,507,2025-05-11,2025-06-08,Hassan,Rashad,8.0,Nasr City,Inactive,,1.0,Fossils and Fireflies,Dalia Serry,Science,160,2024.0,Nile Press,Library Database
9371,1079,528,2025-04-22,2025-05-02,Rana,Osman,8.0,Shubra,Active,2024-10-27,10.0,The Glass Beehive,Mona Kholoussy,Nature,114,2010.0,Delta House,Library Database
9036,1010,515,2024-11-27,2024-12-24,Nour,Nabil,6.0,Maadi ,Active,2024-05-15,18.0,Songs of the Oasis,Hoda Bakry,Poetry,316,2022.0,Cairo Young Readers,Library Database
9163,1034,531,2025-12-28,2026-01-02,Aya,Wahba,9.0,Nasr City,Active,2025-01-22,25.0,Voices in the Library,Samir Zohdy,Friendship,272,2018.0,Oasis Books,Library Database
9091,1008,525,2024-06-03,2024-06-12,Ziad,Saleh,8.0,Maadi,active,2025-10-28,19.0,Storms and Sailboats,Mahmoud Rafei,Adventure,297,2015.0,Oasis Books,Library Database
9092,1019,507,2025-03-20,2025-03-27,Mostafa,Wahba,6.0,Maadi,Inactive,2024-07-20,3.0,Fossils and Fireflies,Dalia Serry,Science,160,2024.0,Nile Press,Library Database
9040,1016,529,2025-01-23,2025-02-11,Dina,Rashad,8.0,Maadi,Active,2023-04-24,7.0,Riddles of the Red Sea,Sara Tantawy,Mystery,298,,Cairo Young Readers,Library Database
9376,1024,518,2025-10-22,2025-11-04,Youssef,Hegazy,8.0,Nasr City,inactive,2024-01-04,17.0,The Ninth Lighthouse,Hani Nagati,Adventure,163,2011.0,Delta House,Library Database
9033,1020,522,2025-02-26,2025-03-11,Rana,Fouad,6.0,Maadi,Active,2025-12-04,7.0,The Puzzle Merchant,Karim Elwy,Mystery,104,2016.0,Cairo Young Readers,Library Database
9341,1065,516,2025-02-19,2025-03-09,Adam,Fahmy,6.0,Zamalek,Active,2025-07-12,17.0,The Beekeeper's Almanac,Hoda Bakry,Nature,241,2010.0,Nile Press,Library Database
9247,1044,510,2025-02-01,2025-02-23,Sherif,Saleh,7.0,Heliopolis,active,2024-02-19,21.0,The Missing Metronome,Diaa Sultan,Mystery,134,2013.0,Cairo Young Readers,Library Database
9184,1026,501,2024-12-15,2025-01-11,Nada,Saleh,7.0,Nasr City,inactive,2023-11-16,3.0,The Silver Kite,Amina Darwish,Adventure,128,2017.0,Nile Press,Library Database
9228,1044,516,2024-12-05,2024-12-26,Sherif,Saleh,7.0,Heliopolis,active,2024-02-19,21.0,The Beekeeper's Almanac,Hoda Bakry,Nature,241,2010.0,Nile Press,Library Database
9331,1065,525,2025-02-17,2025-02-23,Adam,Fahmy,6.0,Zamalek,Active,2025-07-12,17.0,Storms and Sailboats,Mahmoud Rafei,Adventure,297,2015.0,Oasis Books,Library Database
9207,1044,527,2025-10-20,2025-11-04,Sherif,Saleh,7.0,Heliopolis,active,2024-02-19,21.0,Notes from the Delta,Mona Kholoussy,Nature,328,2017.0,Delta House,Library Database
9323,1072,519,2024-01-23,2024-01-28,Seif,Zaki,9.0,Zamalek,Active,2025-10-21,14.0,Kites Over Cairo,Jasmine Wahdan,Friendship,157,2014.0,Nile Press,Library Database
9337,1072,529,2024-11-13,,Seif,Zaki,9.0,Zamalek,Active,2025-10-21,14.0,Riddles of the Red Sea,Sara Tantawy,Mystery,298,,Cairo Young Readers,Library Database
9326,1062,501,2024-08-15,2024-08-21,Tarek,Adel,7.0,Zamalek,Active,2023-01-22,7.0,The Silver Kite,Amina Darwish,Adventure,128,2017.0,Nile Press,Library Database
9128,1024,501,2025-06-12,2025-06-19,Youssef,Hegazy,8.0,Nasr City,inactive,2024-01-04,17.0,The Silver Kite,Amina Darwish,Adventure,128,2017.0,Nile Press,Library Database
9123,1027,511,2025-03-23,2025-04-11,Mostafa,Fouad,9.0,Nasr City,Active,2023-09-25,18.0,Winter in Alexandria,Farida Anwar,Historical,117,2016.0,Nile Press,Library Database
9003,1015,501,2024-08-04,2024-08-13,Hamza,Sabry,7.0,Maadi,Inactive,2025-08-13,3.0,The Silver Kite,Amina Darwish,Adventure,128,2017.0,Nile Press,Library Database
9066,1005,513,2025-07-15,2025-07-31,Youssef,Halim,9.0,Maadi,Active,2024-05-05,3.0,Circuits for Beginners,Galal Mounir,Science,294,2021.0,Oasis Books,Library Database
9053,1008,516,2025-07-20,2025-08-08,Ziad,Saleh,8.0,Maadi,active,2025-10-28,19.0,The Beekeeper's Almanac,Hoda Bakry,Nature,241,2010.0,Nile Press,Library Database
9052,1019,501,2024-06-20,2024-06-29,Mostafa,Wahba,6.0,Maadi,Inactive,2024-07-20,3.0,The Silver Kite,Amina Darwish,Adventure,128,2017.0,Nile Press,Library Database
9162,1030,519,2025-08-27,2025-09-11,Reem,Osman,,Nasr City,Active,2025-04-01,16.0,Kites Over Cairo,Jasmine Wahdan,Friendship,157,2014.0,Nile Press,Library Database
9027,1018,519,2024-11-04,,Ahmed,Shafik,9.0,Maadi,Active,2023-01-28,17.0,Kites Over Cairo,Jasmine Wahdan,Friendship,157,2014.0,Nile Press,Library Database
9194,1024,513,2024-09-17,2024-10-09,Youssef,Hegazy,8.0,Nasr City,inactive,2024-01-04,17.0,Circuits for Beginners,Galal Mounir,Science,294,2021.0,Oasis Books,Library Database
9120,1034,526,2025-06-06,2025-06-26,Aya,Wahba,9.0,Nasr City,Active,2025-01-22,25.0,The Clockwork Orchard,Mahmoud Rafei,Science Fiction,125,2016.0,Delta House,Library Database
9182,1037,525,2024-05-19,2024-06-03,Retaj,Kamel,,Nasr City,Inactive,2023-08-26,2.0,Storms and Sailboats,Mahmoud Rafei,Adventure,297,2015.0,Oasis Books,Library Database
9241,1059,519,2025-01-04,2025-01-11,Lina,Halim,7.0,Heliopolis,Active,2024-01-06,7.0,Kites Over Cairo,Jasmine Wahdan,Friendship,157,2014.0,Nile Press,Library Database
9172,1030,513,2025-05-04,2025-05-26,Reem,Osman,,Nasr City,Active,2025-04-01,16.0,Circuits for Beginners,Galal Mounir,Science,294,2021.0,Oasis Books,Library Database
9193,1034,519,2024-09-15,2024-10-01,Aya,Wahba,9.0,Nasr City,Active,2025-01-22,25.0,Kites Over Cairo,Jasmine Wahdan,Friendship,157,2014.0,Nile Press,Library Database
9100,1010,513,2025-08-27,2025-09-22,Nour,Nabil,6.0,Maadi ,Active,2024-05-15,18.0,Circuits for Beginners,Galal Mounir,Science,294,2021.0,Oasis Books,Library Database
9227,1059,513,2024-11-02,2024-11-20,Lina,Halim,7.0,Heliopolis,Active,2024-01-06,7.0,Circuits for Beginners,Galal Mounir,Science,294,2021.0,Oasis Books,Library Database
9110,1030,506,2024-05-14,2024-05-30,Reem,Osman,,Nasr City,Active,2025-04-01,16.0,The Paper Boat Club,Aya Hafez,Friendship,183,,Nile Press,Library Database
9021,1008,501,2025-05-22,2025-05-29,Ziad,Saleh,8.0,Maadi,active,2025-10-28,19.0,The Silver Kite,Amina Darwish,Adventure,128,2017.0,Nile Press,Library Database
9007,1008,507,2025-03-15,2025-03-31,Ziad,Saleh,8.0,Maadi,active,2025-10-28,19.0,Fossils and Fireflies,Dalia Serry,Science,160,2024.0,Nile Press,Library Database
9365,1075,501,2024-01-17,2024-02-01,Malak,Fahmy,7.0,Shubra,Active,2024-10-28,9.0,The Silver Kite,Amina Darwish,Adventure,128,2017.0,Nile Press,Library Database
9142,1027,516,2024-09-21,2024-10-14,Mostafa,Fouad,9.0,Nasr City,Active,2023-09-25,18.0,The Beekeeper's Almanac,Hoda Bakry,Nature,241,2010.0,Nile Press,Library Database
9073,1008,513,2025-02-13,,Ziad,Saleh,8.0,Maadi,active,2025-10-28,19.0,Circuits for Beginners,Galal Mounir,Science,294,2021.0,Oasis Books,Library Database
9024,1010,507,2025-01-27,2025-02-09,Nour,Nabil,6.0,Maadi ,Active,2024-05-15,18.0,Fossils and Fireflies,Dalia Serry,Science,160,2024.0,Nile Press,Library Database
9067,1008,507,2024-01-05,2024-01-29,Ziad,Saleh,8.0,Maadi,active,2025-10-28,19.0,Fossils and Fireflies,Dalia Serry,Science,160,2024.0,Nile Press,Library Database
9324,1061,529,2025-03-12,2025-04-10,Ziad,Fahmy,9.0,zamalek,Inactive,2023-04-27,8.0,Riddles of the Red Sea,Sara Tantawy,Mystery,298,,Cairo Young Readers,Library Database
9250,1044,507,2025-08-05,2025-08-23,Sherif,Saleh,7.0,Heliopolis,active,2024-02-19,21.0,Fossils and Fireflies,Dalia Serry,Science,160,2024.0,Nile Press,Library Database
9090,1016,507,2025-02-18,2025-03-04,Dina,Rashad,8.0,Maadi,Active,2023-04-24,7.0,Fossils and Fireflies,Dalia Serry,Science,160,2024.0,Nile Press,Library Database
9198,1027,524,2024-10-03,2024-10-19,Mostafa,Fouad,9.0,Nasr City,Active,2023-09-25,18.0,The Weaver's Daughter,Laila Shokry,Historical,114,2016.0,Cairo Young Readers,Library Database
9046,1022,513,2024-02-22,,Youssef,Fouad,7.0,Maadi,Active,2025-02-28,6.0,Circuits for Beginners,Galal Mounir,Science,294,2021.0,Oasis Books,Library Database
9115,1034,502,2025-12-16,2026-01-15,Aya,Wahba,9.0,Nasr City,Active,2025-01-22,25.0,Desert Compass,Amina Darwish,Adventure,109,2018.0,Delta House,Library Database
9310,1067,511,2024-02-04,2024-02-12,Aya,Ibrahim,7.0,Zamalek,Inactive,2024-07-03,3.0,Winter in Alexandria,Farida Anwar,Historical,117,2016.0,Nile Press,Library Database
9357,1077,516,2024-07-26,2024-08-15,Lina,Rashad,6.0,Shubra,Active,2023-07-08,6.0,The Beekeeper's Almanac,Hoda Bakry,Nature,241,2010.0,Nile Press,Library Database
9286,1072,507,2024-08-09,2024-08-16,Seif,Zaki,9.0,Zamalek,Active,2025-10-21,14.0,Fossils and Fireflies,Dalia Serry,Science,160,2024.0,Nile Press,Library Database
9354,1079,502,2024-03-09,2024-03-18,Rana,Osman,8.0,Shubra,Active,2024-10-27,10.0,Desert Compass,Amina Darwish,Adventure,109,2018.0,Delta House,Library Database
9290,1065,519,2025-10-09,,Adam,Fahmy,6.0,Zamalek,Active,2025-07-12,17.0,Kites Over Cairo,Jasmine Wahdan,Friendship,157,2014.0,Nile Press,Library Database
9257,1047,501,2024-10-18,2024-11-16,Sara,Rashad,,Heliopolis,Inactive,2024-06-25,16.0,The Silver Kite,Amina Darwish,Adventure,128,2017.0,Nile Press,Library Database
9261,1047,509,2025-09-02,2025-09-18,Sara,Rashad,,Heliopolis,Inactive,2024-06-25,16.0,Marbles and Mirrors,Diaa Sultan,Mystery,221,2011.0,Nile Press,Library Database
9119,1024,518,2025-02-26,2025-03-15,Youssef,Hegazy,8.0,Nasr City,inactive,2024-01-04,17.0,The Ninth Lighthouse,Hani Nagati,Adventure,163,2011.0,Delta House,Library Database
9313,1068,507,2024-12-13,2024-12-19,Layla,Hegazy,8.0,Zamalek,Inactive,2025-02-24,6.0,Fossils and Fireflies,Dalia Serry,Science,160,2024.0,Nile Press,Library Database
9213,1050,501,2024-05-07,2024-05-14,Fares,Adel,6.0,Heliopolis,inactive,2025-09-10,11.0,The Silver Kite,Amina Darwish,Adventure,128,2017.0,Nile Press,Library Database
9051,1003,513,2025-07-22,2025-08-18,Bassel,Hegazy,6.0,Maadi,Active,2025-04-23,9.0,Circuits for Beginners,Galal Mounir,Science,294,2021.0,Oasis Books,Library Database
9093,1008,507,2025-03-22,2025-04-19,Ziad,Saleh,8.0,Maadi,active,2025-10-28,19.0,Fossils and Fireflies,Dalia Serry,Science,160,2024.0,Nile Press,Library Database
9274,1054,522,2024-09-06,2024-09-17,Retaj,Fahmy,6.0,Heliopolis,Inactive,2024-03-21,6.0,The Puzzle Merchant,Karim Elwy,Mystery,104,2016.0,Cairo Young Readers,Library Database
9292,1074,525,2024-12-28,2025-01-06,Mostafa,Saleh,8.0,Zamalek,Active,2025-11-21,2.0,Storms and Sailboats,Mahmoud Rafei,Adventure,297,2015.0,Oasis Books,Library Database
9009,1022,506,2025-04-28,2025-05-04,Youssef,Fouad,7.0,Maadi,Active,2025-02-28,6.0,The Paper Boat Club,Aya Hafez,Friendship,183,,Nile Press,Library Database
9064,1008,502,2025-06-12,2025-06-21,Ziad,Saleh,8.0,Maadi,active,2025-10-28,19.0,Desert Compass,Amina Darwish,Adventure,109,2018.0,Delta House,Library Database
9169,1030,513,2025-11-25,,Reem,Osman,,Nasr City,Active,2025-04-01,16.0,Circuits for Beginners,Galal Mounir,Science,294,2021.0,Oasis Books,Library Database
9358,1077,513,2025-07-09,2025-07-24,Lina,Rashad,6.0,Shubra,Active,2023-07-08,6.0,Circuits for Beginners,Galal Mounir,Science,294,2021.0,Oasis Books,Library Database
9297,1065,501,2025-04-14,,Adam,Fahmy,6.0,Zamalek,Active,2025-07-12,17.0,The Silver Kite,Amina Darwish,Adventure,128,2017.0,Nile Press,Library Database
9214,1058,525,2024-09-24,,Lina,Mansour,8.0,Heliopolis,active,2025-07-20,3.0,Storms and Sailboats,Mahmoud Rafei,Adventure,297,2015.0,Oasis Books,Library Database
9008,1010,520,2025-08-11,,Nour,Nabil,6.0,Maadi ,Active,2024-05-15,18.0,The Copper Telescope,Jasmine Wahdan,Science Fiction,136,2009.0,Oasis Books,Library Database
9237,1057,513,2024-02-22,,Ahmed,Fahmy,8.0,Heliopolis,Active,2024-01-12,10.0,Circuits for Beginners,Galal Mounir,Science,294,2021.0,Oasis Books,Library Database
9303,1061,509,2025-12-23,2026-01-10,Ziad,Fahmy,9.0,zamalek,Inactive,2023-04-27,8.0,Marbles and Mirrors,Diaa Sultan,Mystery,221,2011.0,Nile Press,Library Database
9338,1072,501,2024-07-16,,Seif,Zaki,9.0,Zamalek,Active,2025-10-21,14.0,The Silver Kite,Amina Darwish,Adventure,128,2017.0,Nile Press,Library Database
9343,1075,529,2024-10-04,2024-10-14,Malak,Fahmy,7.0,Shubra,Active,2024-10-28,9.0,Riddles of the Red Sea,Sara Tantawy,Mystery,298,,Cairo Young Readers,Library Database
9130,1024,503,2025-09-04,2025-09-17,Youssef,Hegazy,8.0,Nasr City,inactive,2024-01-04,17.0,The Lantern Maker,Adel Roushdy,Historical,259,,Nile Press,Library Database
9192,1027,519,2025-09-26,2025-10-07,Mostafa,Fouad,9.0,Nasr City,Active,2023-09-25,18.0,Kites Over Cairo,Jasmine Wahdan,Friendship,157,2014.0,Nile Press,Library Database
9017,1018,519,2024-08-06,2024-08-11,Ahmed,Shafik,9.0,Maadi,Active,2023-01-28,17.0,Kites Over Cairo,Jasmine Wahdan,Friendship,157,2014.0,Nile Press,Library Database
9266,1053,519,2024-06-01,2024-06-15,Adam,Shafik,9.0,Heliopolis,Active,2024-01-03,5.0,Kites Over Cairo,Jasmine Wahdan,Friendship,157,2014.0,Nile Press,Library Database
9132,1035,511,2025-02-26,2025-03-13,Karim,Fahmy,9.0,Nasr City,Inactive,2025-06-26,1.0,Winter in Alexandria,Farida Anwar,Historical,117,2016.0,Nile Press,Library Database
9015,1010,507,2025-09-02,2025-09-14,Nour,Nabil,6.0,Maadi ,Active,2024-05-15,18.0,Fossils and Fireflies,Dalia Serry,Science,160,2024.0,Nile Press,Library Database
9362,1079,507,2024-03-08,2024-04-07,Rana,Osman,8.0,Shubra,Active,2024-10-27,10.0,Fossils and Fireflies,Dalia Serry,Science,160,2024.0,Nile Press,Library Database
9262,1054,524,2024-02-25,2024-03-22,Retaj,Fahmy,6.0,Heliopolis,Inactive,2024-03-21,6.0,The Weaver's Daughter,Laila Shokry,Historical,114,2016.0,Cairo Young Readers,Library Database
9336,1061,528,2024-04-18,2024-05-15,Ziad,Fahmy,9.0,zamalek,Inactive,2023-04-27,8.0,The Glass Beehive,Mona Kholoussy,Nature,114,2010.0,Delta House,Library Database
9105,1027,501,2025-03-05,2025-03-25,Mostafa,Fouad,9.0,Nasr City,Active,2023-09-25,18.0,The Silver Kite,Amina Darwish,Adventure,128,2017.0,Nile Press,Library Database
9055,1015,525,2025-08-08,2025-08-27,Hamza,Sabry,7.0,Maadi,Inactive,2025-08-13,3.0,Storms and Sailboats,Mahmoud Rafei,Adventure,297,2015.0,Oasis Books,Library Database
9183,1027,532,2025-03-28,2025-04-10,Mostafa,Fouad,9.0,Nasr City,Active,2023-09-25,18.0,The Last Bookmark,Samir Zohdy,Friendship,337,2017.0,Oasis Books,Library Database
9049,1010,514,2025-09-08,,Nour,Nabil,6.0,Maadi ,Active,2024-05-15,18.0,The Robot in Row Nine,Galal Mounir,Science Fiction,328,2023.0,Cairo Young Readers,Library Database
9307,1072,501,2025-06-10,2025-07-09,Seif,Zaki,9.0,Zamalek,Active,2025-10-21,14.0,The Silver Kite,Amina Darwish,Adventure,128,2017.0,Nile Press,Library Database
9166,1032,519,2024-01-15,2024-01-24,Nada,Zaki,7.0,Nasr City,Active,2025-10-19,6.0,Kites Over Cairo,Jasmine Wahdan,Friendship,157,2014.0,Nile Press,Library Database
9155,1028,525,2025-07-12,2025-07-18,Hassan,Adel,9.0,Nasr City,Active,2025-11-12,3.0,Storms and Sailboats,Mahmoud Rafei,Adventure,297,2015.0,Oasis Books,Library Database
9240,1050,525,2025-07-25,2025-08-24,Fares,Adel,6.0,Heliopolis,inactive,2025-09-10,11.0,Storms and Sailboats,Mahmoud Rafei,Adventure,297,2015.0,Oasis Books,Library Database
9197,1030,501,2025-11-26,2025-12-01,Reem,Osman,,Nasr City,Active,2025-04-01,16.0,The Silver Kite,Amina Darwish,Adventure,128,2017.0,Nile Press,Library Database
9375,1034,525,2025-10-27,2025-11-15,Aya,Wahba,9.0,Nasr City,Active,2025-01-22,25.0,Storms and Sailboats,Mahmoud Rafei,Adventure,297,2015.0,Oasis Books,Library Database
9114,1034,516,2025-03-02,2025-03-17,Aya,Wahba,9.0,Nasr City,Active,2025-01-22,25.0,The Beekeeper's Almanac,Hoda Bakry,Nature,241,2010.0,Nile Press,Library Database
9077,1008,514,2024-07-28,2024-08-12,Ziad,Saleh,8.0,Maadi,active,2025-10-28,19.0,The Robot in Row Nine,Galal Mounir,Science Fiction,328,2023.0,Cairo Young Readers,Library Database
9260,1044,518,2025-07-03,2025-07-27,Sherif,Saleh,7.0,Heliopolis,active,2024-02-19,21.0,The Ninth Lighthouse,Hani Nagati,Adventure,163,2011.0,Delta House,Library Database
9059,1016,518,2025-06-28,2025-07-27,Dina,Rashad,8.0,Maadi,Active,2023-04-24,7.0,The Ninth Lighthouse,Hani Nagati,Adventure,163,2011.0,Delta House,Library Database
9332,1062,522,2024-07-03,,Tarek,Adel,7.0,Zamalek,Active,2023-01-22,7.0,The Puzzle Merchant,Karim Elwy,Mystery,104,2016.0,Cairo Young Readers,Library Database
9378,1018,501,2024-09-05,2024-09-21,Ahmed,Shafik,9.0,Maadi,Active,2023-01-28,17.0,The Silver Kite,Amina Darwish,Adventure,128,2017.0,Nile Press,Library Database
9179,1027,517,2024-11-19,2024-12-17,Mostafa,Fouad,9.0,Nasr City,Active,2023-09-25,18.0,Shadows on the Corniche,Hani Nagati,Mystery,338,2015.0,Delta House,Library Database
9126,1034,529,2024-10-22,2024-10-28,Aya,Wahba,9.0,Nasr City,Active,2025-01-22,25.0,Riddles of the Red Sea,Sara Tantawy,Mystery,298,,Cairo Young Readers,Library Database
9072,1007,513,2025-03-05,2025-04-01,Sherif,Fouad,6.0,Maadi,Active,2025-08-18,3.0,Circuits for Beginners,Galal Mounir,Science,294,2021.0,Oasis Books,Library Database
9080,1008,501,2024-03-20,2024-04-18,Ziad,Saleh,8.0,Maadi,active,2025-10-28,19.0,The Silver Kite,Amina Darwish,Adventure,128,2017.0,Nile Press,Library Database
9298,1065,507,2025-06-18,2025-07-11,Adam,Fahmy,6.0,Zamalek,Active,2025-07-12,17.0,Fossils and Fireflies,Dalia Serry,Science,160,2024.0,Nile Press,Library Database
9087,1020,511,2025-12-03,2025-12-13,Rana,Fouad,6.0,Maadi,Active,2025-12-04,7.0,Winter in Alexandria,Farida Anwar,Historical,117,2016.0,Nile Press,Library Database
9006,1018,507,2025-06-26,2025-07-01,Ahmed,Shafik,9.0,Maadi,Active,2023-01-28,17.0,Fossils and Fireflies,Dalia Serry,Science,160,2024.0,Nile Press,Library Database
9309,1068,511,2024-11-24,2024-12-12,Layla,Hegazy,8.0,Zamalek,Inactive,2025-02-24,6.0,Winter in Alexandria,Farida Anwar,Historical,117,2016.0,Nile Press,Library Database
9069,1010,505,2024-06-14,2024-07-10,Nour,Nabil,6.0,Maadi ,Active,2024-05-15,18.0,Letters to the Nile,Aya Hafez,Historical,216,2024.0,Oasis Books,Library Database
9216,1050,519,2024-08-07,,Fares,Adel,6.0,Heliopolis,inactive,2025-09-10,11.0,Kites Over Cairo,Jasmine Wahdan,Friendship,157,2014.0,Nile Press,Library Database
9191,1027,505,2024-08-05,2024-08-29,Mostafa,Fouad,9.0,Nasr City,Active,2023-09-25,18.0,Letters to the Nile,Aya Hafez,Historical,216,2024.0,Oasis Books,Library Database
9013,1002,501,2024-02-16,2024-02-29,Fares,Saleh,9.0,Maadi,Active,,2.0,The Silver Kite,Amina Darwish,Adventure,128,2017.0,Nile Press,Library Database
9061,1016,505,2025-04-28,2025-05-20,Dina,Rashad,8.0,Maadi,Active,2023-04-24,7.0,Letters to the Nile,Aya Hafez,Historical,216,2024.0,Oasis Books,Library Database
9295,1061,513,2025-12-12,2026-01-01,Ziad,Fahmy,9.0,zamalek,Inactive,2023-04-27,8.0,Circuits for Beginners,Galal Mounir,Science,294,2021.0,Oasis Books,Library Database
9363,1079,507,2024-12-23,2025-01-15,Rana,Osman,8.0,Shubra,Active,2024-10-27,10.0,Fossils and Fireflies,Dalia Serry,Science,160,2024.0,Nile Press,Library Database
9102,1010,502,2024-10-05,,Nour,Nabil,6.0,Maadi ,Active,2024-05-15,18.0,Desert Compass,Amina Darwish,Adventure,109,2018.0,Delta House,Library Database
9287,1065,532,2024-04-26,2024-05-23,Adam,Fahmy,6.0,Zamalek,Active,2025-07-12,17.0,The Last Bookmark,Samir Zohdy,Friendship,337,2017.0,Oasis Books,Library Database
9330,1072,513,2025-04-11,2025-05-09,Seif,Zaki,9.0,Zamalek,Active,2025-10-21,14.0,Circuits for Beginners,Galal Mounir,Science,294,2021.0,Oasis Books,Library Database
9178,1024,518,2025-08-21,2025-09-04,Youssef,Hegazy,8.0,Nasr City,inactive,2024-01-04,17.0,The Ninth Lighthouse,Hani Nagati,Adventure,163,2011.0,Delta House,Library Database
9175,1027,513,2025-03-04,2025-03-27,Mostafa,Fouad,9.0,Nasr City,Active,2023-09-25,18.0,Circuits for Beginners,Galal Mounir,Science,294,2021.0,Oasis Books,Library Database
9267,1047,530,2024-12-05,2024-12-20,Sara,Rashad,,Heliopolis,Inactive,2024-06-25,16.0,The Sandstone Key,Sara Tantawy,Adventure,208,2012.0,Oasis Books,Library Database
9159,1030,501,2024-12-11,,Reem,Osman,,Nasr City,Active,2025-04-01,16.0,The Silver Kite,Amina Darwish,Adventure,128,2017.0,Nile Press,Library Database
9037,1008,509,2024-01-02,2024-01-22,Ziad,Saleh,8.0,Maadi,active,2025-10-28,19.0,Marbles and Mirrors,Diaa Sultan,Mystery,221,2011.0,Nile Press,Library Database
9264,1059,507,2025-02-01,2025-02-13,Lina,Halim,7.0,Heliopolis,Active,2024-01-06,7.0,Fossils and Fireflies,Dalia Serry,Science,160,2024.0,Nile Press,Library Database
9254,1059,501,2025-10-23,2025-11-07,Lina,Halim,7.0,Heliopolis,Active,2024-01-06,7.0,The Silver Kite,Amina Darwish,Adventure,128,2017.0,Nile Press,Library Database
9259,1057,501,2025-11-16,2025-11-30,Ahmed,Fahmy,8.0,Heliopolis,Active,2024-01-12,10.0,The Silver Kite,Amina Darwish,Adventure,128,2017.0,Nile Press,Library Database
9010,1009,513,2025-07-22,2025-08-16,Hassan,Saleh,6.0,Maadi,Active,2025-04-25,1.0,Circuits for Beginners,Galal Mounir,Science,294,2021.0,Oasis Books,Library Database
9347,1075,519,2025-07-17,2025-07-31,Malak,Fahmy,7.0,Shubra,Active,2024-10-28,9.0,Kites Over Cairo,Jasmine Wahdan,Friendship,157,2014.0,Nile Press,Library Database
9156,1032,503,2025-02-13,2025-03-14,Nada,Zaki,7.0,Nasr City,Active,2025-10-19,6.0,The Lantern Maker,Adel Roushdy,Historical,259,,Nile Press,Library Database
9147,1028,512,2025-10-05,2025-11-01,Hassan,Adel,9.0,Nasr City,Active,2025-11-12,3.0,The Cartographer's Cat,Farida Anwar,Adventure,238,2022.0,Delta House,Library Database
9125,1039,501,2025-06-17,,Nada,Riad,7.0,Nasr City,active,,2.0,The Silver Kite,Amina Darwish,Adventure,128,2017.0,Nile Press,Library Database
9168,1030,513,2025-09-13,2025-09-23,Reem,Osman,,Nasr City,Active,2025-04-01,16.0,Circuits for Beginners,Galal Mounir,Science,294,2021.0,Oasis Books,Library Database
9270,1057,517,2024-12-08,2024-12-30,Ahmed,Fahmy,8.0,Heliopolis,Active,2024-01-12,10.0,Shadows on the Corniche,Hani Nagati,Mystery,338,2015.0,Delta House,Library Database
9068,1003,501,2025-11-14,2025-12-03,Bassel,Hegazy,6.0,Maadi,Active,2025-04-23,9.0,The Silver Kite,Amina Darwish,Adventure,128,2017.0,Nile Press,Library Database
9327,1065,513,2025-03-09,2025-04-01,Adam,Fahmy,6.0,Zamalek,Active,2025-07-12,17.0,Circuits for Beginners,Galal Mounir,Science,294,2021.0,Oasis Books,Library Database
9273,1047,510,2024-12-07,2025-01-05,Sara,Rashad,,Heliopolis,Inactive,2024-06-25,16.0,The Missing Metronome,Diaa Sultan,Mystery,134,2013.0,Cairo Young Readers,Library Database
9301,1062,519,2024-11-10,2024-11-23,Tarek,Adel,7.0,Zamalek,Active,2023-01-22,7.0,Kites Over Cairo,Jasmine Wahdan,Friendship,157,2014.0,Nile Press,Library Database
9074,1003,501,2024-06-19,2024-07-06,Bassel,Hegazy,6.0,Maadi,Active,2025-04-23,9.0,The Silver Kite,Amina Darwish,Adventure,128,2017.0,Nile Press,Library Database
9368,1079,525,2025-02-12,2025-03-10,Rana,Osman,8.0,Shubra,Active,2024-10-27,10.0,Storms and Sailboats,Mahmoud Rafei,Adventure,297,2015.0,Oasis Books,Library Database
9233,1059,512,2024-12-08,2024-12-15,Lina,Halim,7.0,Heliopolis,Active,2024-01-06,7.0,The Cartographer's Cat,Farida Anwar,Adventure,238,2022.0,Delta House,Library Database
9200,1060,509,2024-12-08,,Layla,Wahba,7.0,Heliopolis,Active,2024-03-26,2.0,Marbles and Mirrors,Diaa Sultan,Mystery,221,2011.0,Nile Press,Library Database
9349,1077,501,2024-03-04,2024-04-02,Lina,Rashad,6.0,Shubra,Active,2023-07-08,6.0,The Silver Kite,Amina Darwish,Adventure,128,2017.0,Nile Press,Library Database
9350,1080,501,2025-06-22,2025-07-17,Bassel,Wahba,9.0,Shubra,Active,2023-12-28,2.0,The Silver Kite,Amina Darwish,Adventure,128,2017.0,Nile Press,Library Database
9345,1075,507,2025-02-03,2025-03-01,Malak,Fahmy,7.0,Shubra,Active,2024-10-28,9.0,Fossils and Fireflies,Dalia Serry,Science,160,2024.0,Nile Press,Library Database
9195,1024,507,2025-02-22,2025-03-17,Youssef,Hegazy,8.0,Nasr City,inactive,2024-01-04,17.0,Fossils and Fireflies,Dalia Serry,Science,160,2024.0,Nile Press,Library Database
9325,1072,519,2024-01-11,,Seif,Zaki,9.0,Zamalek,Active,2025-10-21,14.0,Kites Over Cairo,Jasmine Wahdan,Friendship,157,2014.0,Nile Press,Library Database
9245,1044,519,2024-12-13,2024-12-21,Sherif,Saleh,7.0,Heliopolis,active,2024-02-19,21.0,Kites Over Cairo,Jasmine Wahdan,Friendship,157,2014.0,Nile Press,Library Database
9146,1034,509,2025-02-23,2025-03-14,Aya,Wahba,9.0,Nasr City,Active,2025-01-22,25.0,Marbles and Mirrors,Diaa Sultan,Mystery,221,2011.0,Nile Press,Library Database
9379,1062,501,2024-12-18,2024-12-26,Tarek,Adel,7.0,Zamalek,Active,2023-01-22,7.0,The Silver Kite,Amina Darwish,Adventure,128,2017.0,Nile Press,Library Database
9374,1080,505,2024-08-05,2024-08-12,Bassel,Wahba,9.0,Shubra,Active,2023-12-28,2.0,Letters to the Nile,Aya Hafez,Historical,216,2024.0,Oasis Books,Library Database
9107,1024,505,2024-09-24,2024-10-12,Youssef,Hegazy,8.0,Nasr City,inactive,2024-01-04,17.0,Letters to the Nile,Aya Hafez,Historical,216,2024.0,Oasis Books,Library Database
9029,1005,507,2025-03-07,2025-03-29,Youssef,Halim,9.0,Maadi,Active,2024-05-05,3.0,Fossils and Fireflies,Dalia Serry,Science,160,2024.0,Nile Press,Library Database
9108,1024,507,2025-02-02,2025-02-27,Youssef,Hegazy,8.0,Nasr City,inactive,2024-01-04,17.0,Fossils and Fireflies,Dalia Serry,Science,160,2024.0,Nile Press,Library Database
9201,1055,531,2025-11-24,2025-12-16,Mostafa,Kamel,9.0,Heliopolis,Active,2025-01-04,2.0,Voices in the Library,Samir Zohdy,Friendship,272,2018.0,Oasis Books,Library Database
9253,1058,507,2025-06-15,2025-07-10,Lina,Mansour,8.0,Heliopolis,active,2025-07-20,3.0,Fossils and Fireflies,Dalia Serry,Science,160,2024.0,Nile Press,Library Database
9334,1065,507,2025-12-20,2026-01-05,Adam,Fahmy,6.0,Zamalek,Active,2025-07-12,17.0,Fossils and Fireflies,Dalia Serry,Science,160,2024.0,Nile Press,Library Database
9160,1030,501,2024-06-20,2024-07-07,Reem,Osman,,Nasr City,Active,2025-04-01,16.0,The Silver Kite,Amina Darwish,Adventure,128,2017.0,Nile Press,Library Database
9180,1034,529,2024-07-27,2024-08-02,Aya,Wahba,9.0,Nasr City,Active,2025-01-22,25.0,Riddles of the Red Sea,Sara Tantawy,Mystery,298,,Cairo Young Readers,Library Database
9344,1076,507,2024-09-12,,Dina,Wahba,7.0,Shubra,Active,2025-12-13,7.0,Fossils and Fireflies,Dalia Serry,Science,160,2024.0,Nile Press,Library Database
9004,1013,519,2025-07-27,2025-08-16,Ziad,Fouad,,Maadi,Active,2025-06-27,2.0,Kites Over Cairo,Jasmine Wahdan,Friendship,157,2014.0,Nile Press,Library Database
9224,1057,513,2025-05-25,,Ahmed,Fahmy,8.0,Heliopolis,Active,2024-01-12,10.0,Circuits for Beginners,Galal Mounir,Science,294,2021.0,Oasis Books,Library Database
9235,1047,516,2024-02-16,,Sara,Rashad,,Heliopolis,Inactive,2024-06-25,16.0,The Beekeeper's Almanac,Hoda Bakry,Nature,241,2010.0,Nile Press,Library Database
9118,1030,507,2024-05-12,,Reem,Osman,,Nasr City,Active,2025-04-01,16.0,Fossils and Fireflies,Dalia Serry,Science,160,2024.0,Nile Press,Library Database
9381,1079,507,2025-05-30,2025-06-18,Rana,Osman,8.0,Shubra,Active,2024-10-27,10.0,Fossils and Fireflies,Dalia Serry,Science,160,2024.0,Nile Press,Library Database
9071,1003,503,2024-03-25,2024-04-09,Bassel,Hegazy,6.0,Maadi,Active,2025-04-23,9.0,The Lantern Maker,Adel Roushdy,Historical,259,,Nile Press,Library Database
9220,1047,507,2025-08-04,,Sara,Rashad,,Heliopolis,Inactive,2024-06-25,16.0,Fossils and Fireflies,Dalia Serry,Science,160,2024.0,Nile Press,Library Database
9167,1028,503,2025-12-24,2026-01-02,Hassan,Adel,9.0,Nasr City,Active,2025-11-12,3.0,The Lantern Maker,Adel Roushdy,Historical,259,,Nile Press,Library Database
9320,1073,501,2025-07-19,2025-08-13,Yassin,Kamel,7.0,Zamalek,Inactive,2025-08-26,2.0,The Silver Kite,Amina Darwish,Adventure,128,2017.0,Nile Press,Library Database
9300,1061,528,2024-08-15,2024-09-02,Ziad,Fahmy,9.0,zamalek,Inactive,2023-04-27,8.0,The Glass Beehive,Mona Kholoussy,Nature,114,2010.0,Delta House,Library Database
9364,1077,513,2024-08-18,2024-09-07,Lina,Rashad,6.0,Shubra,Active,2023-07-08,6.0,Circuits for Beginners,Galal Mounir,Science,294,2021.0,Oasis Books,Library Database
9035,1020,501,2024-08-01,2024-08-23,Rana,Fouad,6.0,Maadi,Active,2025-12-04,7.0,The Silver Kite,Amina Darwish,Adventure,128,2017.0,Nile Press,Library Database
9382,1076,507,2025-02-26,2025-03-08,Dina,Wahba,7.0,Shubra,Active,2025-12-13,7.0,Fossils and Fireflies,Dalia Serry,Science,160,2024.0,Nile Press,Library Database
9133,1034,519,2025-05-28,2025-06-24,Aya,Wahba,9.0,Nasr City,Active,2025-01-22,25.0,Kites Over Cairo,Jasmine Wahdan,Friendship,157,2014.0,Nile Press,Library Database
9276,1050,514,2025-06-28,2025-07-08,Fares,Adel,6.0,Heliopolis,inactive,2025-09-10,11.0,The Robot in Row Nine,Galal Mounir,Science Fiction,328,2023.0,Cairo Young Readers,Library Database
9104,1018,507,2024-05-15,,Ahmed,Shafik,9.0,Maadi,Active,2023-01-28,17.0,Fossils and Fireflies,Dalia Serry,Science,160,2024.0,Nile Press,Library Database
9367,1079,507,2024-03-19,2024-03-28,Rana,Osman,8.0,Shubra,Active,2024-10-27,10.0,Fossils and Fireflies,Dalia Serry,Science,160,2024.0,Nile Press,Library Database
9373,1079,508,2024-03-20,2024-04-19,Rana,Osman,8.0,Shubra,Active,2024-10-27,10.0,The Quiet Observatory,Dalia Serry,Science,306,2011.0,Oasis Books,Library Database
9217,1047,530,2024-04-07,,Sara,Rashad,,Heliopolis,Inactive,2024-06-25,16.0,The Sandstone Key,Sara Tantawy,Adventure,208,2012.0,Oasis Books,Library Database
9022,1010,507,2025-11-14,2025-12-03,Nour,Nabil,6.0,Maadi ,Active,2024-05-15,18.0,Fossils and Fireflies,Dalia Serry,Science,160,2024.0,Nile Press,Library Database
9065,1016,509,2024-12-21,,Dina,Rashad,8.0,Maadi,Active,2023-04-24,7.0,Marbles and Mirrors,Diaa Sultan,Mystery,221,2011.0,Nile Press,Library Database
9099,1018,506,2025-10-10,2025-11-09,Ahmed,Shafik,9.0,Maadi,Active,2023-01-28,17.0,The Paper Boat Club,Aya Hafez,Friendship,183,,Nile Press,Library Database
9109,1034,512,2024-08-20,2024-09-14,Aya,Wahba,9.0,Nasr City,Active,2025-01-22,25.0,The Cartographer's Cat,Farida Anwar,Adventure,238,2022.0,Delta House,Library Database
9086,1018,501,2024-06-20,2024-06-29,Ahmed,Shafik,9.0,Maadi,Active,2023-01-28,17.0,The Silver Kite,Amina Darwish,Adventure,128,2017.0,Nile Press,Library Database
9089,1010,507,2025-06-22,2025-07-22,Nour,Nabil,6.0,Maadi ,Active,2024-05-15,18.0,Fossils and Fireflies,Dalia Serry,Science,160,2024.0,Nile Press,Library Database
9230,1050,501,2025-09-10,2025-10-07,Fares,Adel,6.0,Heliopolis,inactive,2025-09-10,11.0,The Silver Kite,Amina Darwish,Adventure,128,2017.0,Nile Press,Library Database
9062,1010,520,2024-07-28,2024-08-26,Nour,Nabil,6.0,Maadi ,Active,2024-05-15,18.0,The Copper Telescope,Jasmine Wahdan,Science Fiction,136,2009.0,Oasis Books,Library Database
9076,1008,529,2025-12-12,2025-12-20,Ziad,Saleh,8.0,Maadi,active,2025-10-28,19.0,Riddles of the Red Sea,Sara Tantawy,Mystery,298,,Cairo Young Readers,Library Database
9265,1049,513,2024-08-12,2024-09-10,Ahmed,Gamal,6.0,Heliopolis,Active,2023-06-10,1.0,Circuits for Beginners,Galal Mounir,Science,294,2021.0,Oasis Books,Library Database
9258,1050,529,2025-12-07,2025-12-21,Fares,Adel,6.0,Heliopolis,inactive,2025-09-10,11.0,Riddles of the Red Sea,Sara Tantawy,Mystery,298,,Cairo Young Readers,Library Database
9203,1057,501,2025-10-25,,Ahmed,Fahmy,8.0,Heliopolis,Active,2024-01-12,10.0,The Silver Kite,Amina Darwish,Adventure,128,2017.0,Nile Press,Library Database
9041,1010,506,2025-02-22,2025-03-19,Nour,Nabil,6.0,Maadi ,Active,2024-05-15,18.0,The Paper Boat Club,Aya Hafez,Friendship,183,,Nile Press,Library Database
9154,1030,525,2025-05-18,2025-05-26,Reem,Osman,,Nasr City,Active,2025-04-01,16.0,Storms and Sailboats,Mahmoud Rafei,Adventure,297,2015.0,Oasis Books,Library Database
9285,1071,513,2025-02-24,,Jana,Hegazy,8.0,Zamalek,Active,2024-09-27,2.0,Circuits for Beginners,Galal Mounir,Science,294,2021.0,Oasis Books,Library Database
9121,1027,522,2025-02-24,2025-03-14,Mostafa,Fouad,9.0,Nasr City,Active,2023-09-25,18.0,The Puzzle Merchant,Karim Elwy,Mystery,104,2016.0,Cairo Young Readers,Library Database
9244,1050,507,2025-04-23,2025-05-06,Fares,Adel,6.0,Heliopolis,inactive,2025-09-10,11.0,Fossils and Fireflies,Dalia Serry,Science,160,2024.0,Nile Press,Library Database
9275,1047,507,2025-09-21,2025-10-08,Sara,Rashad,,Heliopolis,Inactive,2024-06-25,16.0,Fossils and Fireflies,Dalia Serry,Science,160,2024.0,Nile Press,Library Database
9215,1044,507,2024-02-07,,Sherif,Saleh,7.0,Heliopolis,active,2024-02-19,21.0,Fossils and Fireflies,Dalia Serry,Science,160,2024.0,Nile Press,Library Database
9268,1047,503,2025-06-16,2025-07-14,Sara,Rashad,,Heliopolis,Inactive,2024-06-25,16.0,The Lantern Maker,Adel Roushdy,Historical,259,,Nile Press,Library Database
9314,1072,522,2024-08-13,2024-09-02,Seif,Zaki,9.0,Zamalek,Active,2025-10-21,14.0,The Puzzle Merchant,Karim Elwy,Mystery,104,2016.0,Cairo Young Readers,Library Database
9299,1072,521,2024-01-04,2024-01-23,Seif,Zaki,9.0,Zamalek,Active,2025-10-21,14.0,A Garden of Equations,Karim Elwy,Science,211,2024.0,Cairo Young Readers,Library Database
9353,1075,528,2025-12-13,2025-12-30,Malak,Fahmy,7.0,Shubra,Active,2024-10-28,9.0,The Glass Beehive,Mona Kholoussy,Nature,114,2010.0,Delta House,Library Database
9117,1026,501,2025-09-13,,Nada,Saleh,7.0,Nasr City,inactive,2023-11-16,3.0,The Silver Kite,Amina Darwish,Adventure,128,2017.0,Nile Press,Library Database
9212,1044,512,2024-09-14,,Sherif,Saleh,7.0,Heliopolis,active,2024-02-19,21.0,The Cartographer's Cat,Farida Anwar,Adventure,238,2022.0,Delta House,Library Database
9278,1047,506,2024-03-12,2024-04-02,Sara,Rashad,,Heliopolis,Inactive,2024-06-25,16.0,The Paper Boat Club,Aya Hafez,Friendship,183,,Nile Press,Library Database
9177,1027,513,2024-01-18,,Mostafa,Fouad,9.0,Nasr City,Active,2023-09-25,18.0,Circuits for Beginners,Galal Mounir,Science,294,2021.0,Oasis Books,Library Database
9044,1018,503,2024-10-07,,Ahmed,Shafik,9.0,Maadi,Active,2023-01-28,17.0,The Lantern Maker,Adel Roushdy,Historical,259,,Nile Press,Library Database
9329,1062,513,2025-03-06,,Tarek,Adel,7.0,Zamalek,Active,2023-01-22,7.0,Circuits for Beginners,Galal Mounir,Science,294,2021.0,Oasis Books,Library Database
9078,1008,521,2024-09-21,2024-10-12,Ziad,Saleh,8.0,Maadi,active,2025-10-28,19.0,A Garden of Equations,Karim Elwy,Science,211,2024.0,Cairo Young Readers,Library Database
9032,1011,501,2024-11-24,2024-12-11,Menna,Halim,8.0,Maadi,Active,2024-04-22,2.0,The Silver Kite,Amina Darwish,Adventure,128,2017.0,Nile Press,Library Database
9289,1072,522,2025-09-09,2025-09-19,Seif,Zaki,9.0,Zamalek,Active,2025-10-21,14.0,The Puzzle Merchant,Karim Elwy,Mystery,104,2016.0,Cairo Young Readers,Library Database
9138,1039,516,2025-08-22,2025-08-31,Nada,Riad,7.0,Nasr City,active,,2.0,The Beekeeper's Almanac,Hoda Bakry,Nature,241,2010.0,Nile Press,Library Database
9306,1074,510,2024-08-03,2024-08-10,Mostafa,Saleh,8.0,Zamalek,Active,2025-11-21,2.0,The Missing Metronome,Diaa Sultan,Mystery,134,2013.0,Cairo Young Readers,Library Database
9239,1050,519,2025-02-10,2025-02-22,Fares,Adel,6.0,Heliopolis,inactive,2025-09-10,11.0,Kites Over Cairo,Jasmine Wahdan,Friendship,157,2014.0,Nile Press,Library Database
9226,1044,519,2025-03-18,,Sherif,Saleh,7.0,Heliopolis,active,2024-02-19,21.0,Kites Over Cairo,Jasmine Wahdan,Friendship,157,2014.0,Nile Press,Library Database
9135,1034,506,2025-01-12,2025-01-28,Aya,Wahba,9.0,Nasr City,Active,2025-01-22,25.0,The Paper Boat Club,Aya Hafez,Friendship,183,,Nile Press,Library Database
9023,1018,503,2025-08-04,2025-08-27,Ahmed,Shafik,9.0,Maadi,Active,2023-01-28,17.0,The Lantern Maker,Adel Roushdy,Historical,259,,Nile Press,Library Database
9229,1047,501,2025-11-16,2025-12-08,Sara,Rashad,,Heliopolis,Inactive,2024-06-25,16.0,The Silver Kite,Amina Darwish,Adventure,128,2017.0,Nile Press,Library Database
9096,1022,501,2025-02-17,2025-03-17,Youssef,Fouad,7.0,Maadi,Active,2025-02-28,6.0,The Silver Kite,Amina Darwish,Adventure,128,2017.0,Nile Press,Library Database
9312,1068,506,2025-12-01,,Layla,Hegazy,8.0,Zamalek,Inactive,2025-02-24,6.0,The Paper Boat Club,Aya Hafez,Friendship,183,,Nile Press,Library Database
9196,1030,526,2025-01-15,2025-02-02,Reem,Osman,,Nasr City,Active,2025-04-01,16.0,The Clockwork Orchard,Mahmoud Rafei,Science Fiction,125,2016.0,Delta House,Library Database
9190,1030,502,2025-12-04,2025-12-18,Reem,Osman,,Nasr City,Active,2025-04-01,16.0,Desert Compass,Amina Darwish,Adventure,109,2018.0,Delta House,Library Database
9095,1002,507,2024-06-25,2024-07-07,Fares,Saleh,9.0,Maadi,Active,,2.0,Fossils and Fireflies,Dalia Serry,Science,160,2024.0,Nile Press,Library Database
9199,1053,518,2024-11-28,2024-12-08,Adam,Shafik,9.0,Heliopolis,Active,2024-01-03,5.0,The Ninth Lighthouse,Hani Nagati,Adventure,163,2011.0,Delta House,Library Database
9279,1047,514,2025-07-06,2025-07-28,Sara,Rashad,,Heliopolis,Inactive,2024-06-25,16.0,The Robot in Row Nine,Galal Mounir,Science Fiction,328,2023.0,Cairo Young Readers,Library Database
9047,1007,507,2024-10-11,2024-10-24,Sherif,Fouad,6.0,Maadi,Active,2025-08-18,3.0,Fossils and Fireflies,Dalia Serry,Science,160,2024.0,Nile Press,Library Database
9351,1075,514,2024-01-03,2024-01-28,Malak,Fahmy,7.0,Shubra,Active,2024-10-28,9.0,The Robot in Row Nine,Galal Mounir,Science Fiction,328,2023.0,Cairo Young Readers,Library Database
9251,1046,507,2024-06-09,,Amir,Fouad,7.0,HELIOPOLIS,Active,2025-12-11,1.0,Fossils and Fireflies,Dalia Serry,Science,160,2024.0,Nile Press,Library Database
9242,1047,520,2025-06-01,2025-07-01,Sara,Rashad,,Heliopolis,Inactive,2024-06-25,16.0,The Copper Telescope,Jasmine Wahdan,Science Fiction,136,2009.0,Oasis Books,Library Database
9204,1057,506,2024-02-20,2024-03-15,Ahmed,Fahmy,8.0,Heliopolis,Active,2024-01-12,10.0,The Paper Boat Club,Aya Hafez,Friendship,183,,Nile Press,Library Database
9158,1040,513,2025-03-07,2025-03-24,Dina,Adel,9.0,Nasr City,Active,2025-12-26,2.0,Circuits for Beginners,Galal Mounir,Science,294,2021.0,Oasis Books,Library Database
9060,1010,527,2024-05-20,2024-05-28,Nour,Nabil,6.0,Maadi ,Active,2024-05-15,18.0,Notes from the Delta,Mona Kholoussy,Nature,328,2017.0,Delta House,Library Database
9243,1060,513,2025-09-13,2025-10-09,Layla,Wahba,7.0,Heliopolis,Active,2024-03-26,2.0,Circuits for Beginners,Galal Mounir,Science,294,2021.0,Oasis Books,Library Database
9042,1010,509,2024-02-28,,Nour,Nabil,6.0,Maadi ,Active,2024-05-15,18.0,Marbles and Mirrors,Diaa Sultan,Mystery,221,2011.0,Nile Press,Library Database
9150,1024,507,2025-10-14,2025-10-24,Youssef,Hegazy,8.0,Nasr City,inactive,2024-01-04,17.0,Fossils and Fireflies,Dalia Serry,Science,160,2024.0,Nile Press,Library Database
9377,1034,507,2025-03-25,2025-04-06,Aya,Wahba,9.0,Nasr City,Active,2025-01-22,25.0,Fossils and Fireflies,Dalia Serry,Science,160,2024.0,Nile Press,Library Database
9356,1076,501,2025-03-14,2025-04-13,Dina,Wahba,7.0,Shubra,Active,2025-12-13,7.0,The Silver Kite,Amina Darwish,Adventure,128,2017.0,Nile Press,Library Database
9014,1010,519,2024-06-28,2024-07-20,Nour,Nabil,6.0,Maadi ,Active,2024-05-15,18.0,Kites Over Cairo,Jasmine Wahdan,Friendship,157,2014.0,Nile Press,Library Database
9346,1076,519,2024-04-27,,Dina,Wahba,7.0,Shubra,Active,2025-12-13,7.0,Kites Over Cairo,Jasmine Wahdan,Friendship,157,2014.0,Nile Press,Library Database
9103,1003,513,2025-09-04,2025-09-25,Bassel,Hegazy,6.0,Maadi,Active,2025-04-23,9.0,Circuits for Beginners,Galal Mounir,Science,294,2021.0,Oasis Books,Library Database
9246,1044,529,2025-06-25,2025-07-04,Sherif,Saleh,7.0,Heliopolis,active,2024-02-19,21.0,Riddles of the Red Sea,Sara Tantawy,Mystery,298,,Cairo Young Readers,Library Database
9308,1072,525,2024-02-17,2024-03-12,Seif,Zaki,9.0,Zamalek,Active,2025-10-21,14.0,Storms and Sailboats,Mahmoud Rafei,Adventure,297,2015.0,Oasis Books,Library Database
9321,1070,501,2025-12-28,2026-01-09,Ahmed,Zaki,9.0,Zamalek,Active,2025-07-22,3.0,The Silver Kite,Amina Darwish,Adventure,128,2017.0,Nile Press,Library Database
9045,1008,520,2024-05-28,,Ziad,Saleh,8.0,Maadi,active,2025-10-28,19.0,The Copper Telescope,Jasmine Wahdan,Science Fiction,136,2009.0,Oasis Books,Library Database
9219,1047,506,2025-05-13,2025-06-07,Sara,Rashad,,Heliopolis,Inactive,2024-06-25,16.0,The Paper Boat Club,Aya Hafez,Friendship,183,,Nile Press,Library Database
9002,1020,515,2024-12-06,2024-12-11,Rana,Fouad,6.0,Maadi,Active,2025-12-04,7.0,Songs of the Oasis,Hoda Bakry,Poetry,316,2022.0,Cairo Young Readers,Library Database
9185,1026,519,2025-10-22,2025-11-01,Nada,Saleh,7.0,Nasr City,inactive,2023-11-16,3.0,Kites Over Cairo,Jasmine Wahdan,Friendship,157,2014.0,Nile Press,Library Database
9359,1077,501,2025-01-26,,Lina,Rashad,6.0,Shubra,Active,2023-07-08,6.0,The Silver Kite,Amina Darwish,Adventure,128,2017.0,Nile Press,Library Database
9079,1008,520,2025-12-27,2026-01-05,Ziad,Saleh,8.0,Maadi,active,2025-10-28,19.0,The Copper Telescope,Jasmine Wahdan,Science Fiction,136,2009.0,Oasis Books,Library Database
9252,1054,513,2024-08-04,2024-08-09,Retaj,Fahmy,6.0,Heliopolis,Inactive,2024-03-21,6.0,Circuits for Beginners,Galal Mounir,Science,294,2021.0,Oasis Books,Library Database
9282,1057,530,2025-07-22,2025-08-18,Ahmed,Fahmy,8.0,Heliopolis,Active,2024-01-12,10.0,The Sandstone Key,Sara Tantawy,Adventure,208,2012.0,Oasis Books,Library Database
9293,1071,525,2025-08-05,2025-08-18,Jana,Hegazy,8.0,Zamalek,Active,2024-09-27,2.0,Storms and Sailboats,Mahmoud Rafei,Adventure,297,2015.0,Oasis Books,Library Database
9202,1047,506,2025-06-05,2025-07-03,Sara,Rashad,,Heliopolis,Inactive,2024-06-25,16.0,The Paper Boat Club,Aya Hafez,Friendship,183,,Nile Press,Library Database
9026,1018,506,2025-04-21,2025-05-04,Ahmed,Shafik,9.0,Maadi,Active,2023-01-28,17.0,The Paper Boat Club,Aya Hafez,Friendship,183,,Nile Press,Library Database
9050,1003,521,2025-08-21,,Bassel,Hegazy,6.0,Maadi,Active,2025-04-23,9.0,A Garden of Equations,Karim Elwy,Science,211,2024.0,Cairo Young Readers,Library Database
9122,1034,525,2025-06-04,2025-06-30,Aya,Wahba,9.0,Nasr City,Active,2025-01-22,25.0,Storms and Sailboats,Mahmoud Rafei,Adventure,297,2015.0,Oasis Books,Library Database
9153,1030,530,2024-10-12,2024-10-26,Reem,Osman,,Nasr City,Active,2025-04-01,16.0,The Sandstone Key,Sara Tantawy,Adventure,208,2012.0,Oasis Books,Library Database
9145,1034,501,2025-11-10,2025-12-10,Aya,Wahba,9.0,Nasr City,Active,2025-01-22,25.0,The Silver Kite,Amina Darwish,Adventure,128,2017.0,Nile Press,Library Database
9339,1073,501,2025-02-02,,Yassin,Kamel,7.0,Zamalek,Inactive,2025-08-26,2.0,The Silver Kite,Amina Darwish,Adventure,128,2017.0,Nile Press,Library Database
9136,1030,532,2024-10-03,2024-10-20,Reem,Osman,,Nasr City,Active,2025-04-01,16.0,The Last Bookmark,Samir Zohdy,Friendship,337,2017.0,Oasis Books,Library Database
9277,1057,519,2025-10-19,2025-10-28,Ahmed,Fahmy,8.0,Heliopolis,Active,2024-01-12,10.0,Kites Over Cairo,Jasmine Wahdan,Friendship,157,2014.0,Nile Press,Library Database
9284,1062,513,2025-09-27,2025-10-26,Tarek,Adel,7.0,Zamalek,Active,2023-01-22,7.0,Circuits for Beginners,Galal Mounir,Science,294,2021.0,Oasis Books,Library Database
9210,1044,507,2025-09-11,2025-09-29,Sherif,Saleh,7.0,Heliopolis,active,2024-02-19,21.0,Fossils and Fireflies,Dalia Serry,Science,160,2024.0,Nile Press,Library Database
9098,1008,525,2024-12-15,2024-12-31,Ziad,Saleh,8.0,Maadi,active,2025-10-28,19.0,Storms and Sailboats,Mahmoud Rafei,Adventure,297,2015.0,Oasis Books,Library Database
9106,1034,501,2025-08-20,2025-08-27,Aya,Wahba,9.0,Nasr City,Active,2025-01-22,25.0,The Silver Kite,Amina Darwish,Adventure,128,2017.0,Nile Press,Library Database
9170,1034,522,2025-10-16,2025-10-28,Aya,Wahba,9.0,Nasr City,Active,2025-01-22,25.0,The Puzzle Merchant,Karim Elwy,Mystery,104,2016.0,Cairo Young Readers,Library Database
9028,1017,507,2025-01-19,2025-01-28,Adam,Badr,9.0,Maadi,Active,2025-07-12,2.0,Fossils and Fireflies,Dalia Serry,Science,160,2024.0,Nile Press,Library Database
9081,1017,502,2025-08-25,2025-09-17,Adam,Badr,9.0,Maadi,Active,2025-07-12,2.0,Desert Compass,Amina Darwish,Adventure,109,2018.0,Delta House,Library Database
9223,1050,510,2024-04-11,2024-05-04,Fares,Adel,6.0,Heliopolis,inactive,2025-09-10,11.0,The Missing Metronome,Diaa Sultan,Mystery,134,2013.0,Cairo Young Readers,Library Database
9311,1065,507,2025-06-26,2025-07-09,Adam,Fahmy,6.0,Zamalek,Active,2025-07-12,17.0,Fossils and Fireflies,Dalia Serry,Science,160,2024.0,Nile Press,Library Database
9085,1018,525,2025-08-19,2025-09-18,Ahmed,Shafik,9.0,Maadi,Active,2023-01-28,17.0,Storms and Sailboats,Mahmoud Rafei,Adventure,297,2015.0,Oasis Books,Library Database
9335,1065,513,2024-12-18,2024-12-30,Adam,Fahmy,6.0,Zamalek,Active,2025-07-12,17.0,Circuits for Beginners,Galal Mounir,Science,294,2021.0,Oasis Books,Library Database
9221,1055,520,2025-04-12,2025-04-18,Mostafa,Kamel,9.0,Heliopolis,Active,2025-01-04,2.0,The Copper Telescope,Jasmine Wahdan,Science Fiction,136,2009.0,Oasis Books,Library Database
9016,1016,527,2024-12-03,2024-12-11,Dina,Rashad,8.0,Maadi,Active,2023-04-24,7.0,Notes from the Delta,Mona Kholoussy,Nature,328,2017.0,Delta House,Library Database
9361,1075,524,2024-04-19,,Malak,Fahmy,7.0,Shubra,Active,2024-10-28,9.0,The Weaver's Daughter,Laila Shokry,Historical,114,2016.0,Cairo Young Readers,Library Database
9248,1044,514,2025-07-01,2025-07-18,Sherif,Saleh,7.0,Heliopolis,active,2024-02-19,21.0,The Robot in Row Nine,Galal Mounir,Science Fiction,328,2023.0,Cairo Young Readers,Library Database
9315,1068,501,2024-06-11,2024-07-04,Layla,Hegazy,8.0,Zamalek,Inactive,2025-02-24,6.0,The Silver Kite,Amina Darwish,Adventure,128,2017.0,Nile Press,Library Database
9305,1062,519,2024-01-23,2024-01-31,Tarek,Adel,7.0,Zamalek,Active,2023-01-22,7.0,Kites Over Cairo,Jasmine Wahdan,Friendship,157,2014.0,Nile Press,Library Database
9174,1024,528,2025-12-16,2026-01-07,Youssef,Hegazy,8.0,Nasr City,inactive,2024-01-04,17.0,The Glass Beehive,Mona Kholoussy,Nature,114,2010.0,Delta House,Library Database
9048,1003,519,2024-12-03,2025-01-01,Bassel,Hegazy,6.0,Maadi,Active,2025-04-23,9.0,Kites Over Cairo,Jasmine Wahdan,Friendship,157,2014.0,Nile Press,Library Database
9281,1044,525,2024-06-01,2024-06-12,Sherif,Saleh,7.0,Heliopolis,active,2024-02-19,21.0,Storms and Sailboats,Mahmoud Rafei,Adventure,297,2015.0,Oasis Books,Library Database
9039,1018,513,2024-07-21,2024-08-10,Ahmed,Shafik,9.0,Maadi,Active,2023-01-28,17.0,Circuits for Beginners,Galal Mounir,Science,294,2021.0,Oasis Books,Library Database
9083,1011,516,2025-10-02,2025-10-09,Menna,Halim,8.0,Maadi,Active,2024-04-22,2.0,The Beekeeper's Almanac,Hoda Bakry,Nature,241,2010.0,Nile Press,Library Database
9088,1003,519,2025-09-17,2025-10-03,Bassel,Hegazy,6.0,Maadi,Active,2025-04-23,9.0,Kites Over Cairo,Jasmine Wahdan,Friendship,157,2014.0,Nile Press,Library Database
9176,1027,501,2024-11-08,2024-11-26,Mostafa,Fouad,9.0,Nasr City,Active,2023-09-25,18.0,The Silver Kite,Amina Darwish,Adventure,128,2017.0,Nile Press,Library Database
9054,1013,510,2024-11-21,,Ziad,Fouad,,Maadi,Active,2025-06-27,2.0,The Missing Metronome,Diaa Sultan,Mystery,134,2013.0,Cairo Young Readers,Library Database
9134,1037,516,2025-09-08,2025-09-19,Retaj,Kamel,,Nasr City,Inactive,2023-08-26,2.0,The Beekeeper's Almanac,Hoda Bakry,Nature,241,2010.0,Nile Press,Library Database
9164,1034,507,2024-12-02,2024-12-12,Aya,Wahba,9.0,Nasr City,Active,2025-01-22,25.0,Fossils and Fireflies,Dalia Serry,Science,160,2024.0,Nile Press,Library Database
9011,1022,513,2024-03-17,,Youssef,Fouad,7.0,Maadi,Active,2025-02-28,6.0,Circuits for Beginners,Galal Mounir,Science,294,2021.0,Oasis Books,Library Database
9151,1034,528,2025-04-25,2025-05-16,Aya,Wahba,9.0,Nasr City,Active,2025-01-22,25.0,The Glass Beehive,Mona Kholoussy,Nature,114,2010.0,Delta House,Library Database
9018,1003,522,2025-06-12,2025-06-24,Bassel,Hegazy,6.0,Maadi,Active,2025-04-23,9.0,The Puzzle Merchant,Karim Elwy,Mystery,104,2016.0,Cairo Young Readers,Library Database
9038,1007,506,2024-07-15,2024-08-12,Sherif,Fouad,6.0,Maadi,Active,2025-08-18,3.0,The Paper Boat Club,Aya Hafez,Friendship,183,,Nile Press,Library Database
9232,1044,513,2025-05-26,2025-06-11,Sherif,Saleh,7.0,Heliopolis,active,2024-02-19,21.0,Circuits for Beginners,Galal Mounir,Science,294,2021.0,Oasis Books,Library Database
9084,1008,511,2024-06-27,2024-07-22,Ziad,Saleh,8.0,Maadi,active,2025-10-28,19.0,Winter in Alexandria,Farida Anwar,Historical,117,2016.0,Nile Press,Library Database
9116,1024,519,2025-01-10,2025-02-09,Youssef,Hegazy,8.0,Nasr City,inactive,2024-01-04,17.0,Kites Over Cairo,Jasmine Wahdan,Friendship,157,2014.0,Nile Press,Library Database
9352,1076,501,2025-02-02,,Dina,Wahba,7.0,Shubra,Active,2025-12-13,7.0,The Silver Kite,Amina Darwish,Adventure,128,2017.0,Nile Press,Library Database
9384,1026,522,2025-07-11,,Nada,Saleh,7.0,Nasr City,inactive,2023-11-16,3.0,The Puzzle Merchant,Karim Elwy,Mystery,104,2016.0,Cairo Young Readers,Reading Kickoff
9385,1049,520,2025-07-11,,Ahmed,Gamal,6.0,Heliopolis,Active,2023-06-10,1.0,The Copper Telescope,Jasmine Wahdan,Science Fiction,136,2009.0,Oasis Books,Reading Kickoff
9386,1062,525,2025-07-05,,Tarek,Adel,7.0,Zamalek,Active,2023-01-22,7.0,Storms and Sailboats,Mahmoud Rafei,Adventure,297,2015.0,Oasis Books,Reading Kickoff
9387,1065,520,2025-07-07,,Adam,Fahmy,6.0,Zamalek,Active,2025-07-12,17.0,The Copper Telescope,Jasmine Wahdan,Science Fiction,136,2009.0,Oasis Books,Reading Kickoff
9388,1104,515,2025-07-07,,,,,,,,,Songs of the Oasis,Hoda Bakry,Poetry,316,2022.0,Cairo Young Readers,Reading Kickoff
9389,1009,503,2025-07-09,,Hassan,Saleh,6.0,Maadi,Active,2025-04-25,1.0,The Lantern Maker,Adel Roushdy,Historical,259,,Nile Press,Reading Kickoff
9390,1063,522,2025-07-07,,Layla,Fouad,6.0,Zamalek,Active,2024-06-21,,The Puzzle Merchant,Karim Elwy,Mystery,104,2016.0,Cairo Young Readers,Reading Kickoff
9391,1022,511,2025-07-12,,Youssef,Fouad,7.0,Maadi,Active,2025-02-28,6.0,Winter in Alexandria,Farida Anwar,Historical,117,2016.0,Nile Press,Reading Kickoff
9392,1029,523,2025-07-09,,Rana,Kamel,6.0,Nasr City,Active,2023-04-03,,Footsteps in the Dust,Laila Shokry,Historical,276,2018.0,Oasis Books,Reading Kickoff
9393,1201,509,2025-07-10,,,,,,,,,Marbles and Mirrors,Diaa Sultan,Mystery,221,2011.0,Nile Press,Reading Kickoff
9394,1005,513,2025-07-10,,Youssef,Halim,9.0,Maadi,Active,2024-05-05,3.0,Circuits for Beginners,Galal Mounir,Science,294,2021.0,Oasis Books,Reading Kickoff
9395,1104,526,2025-07-05,,,,,,,,,The Clockwork Orchard,Mahmoud Rafei,Science Fiction,125,2016.0,Delta House,Reading Kickoff
9396,1058,518,2025-07-08,,Lina,Mansour,8.0,Heliopolis,active,2025-07-20,3.0,The Ninth Lighthouse,Hani Nagati,Adventure,163,2011.0,Delta House,Reading Kickoff
9397,1002,521,2025-07-08,,Fares,Saleh,9.0,Maadi,Active,,2.0,A Garden of Equations,Karim Elwy,Science,211,2024.0,Cairo Young Readers,Reading Kickoff
9398,1150,530,2025-07-10,,,,,,,,,The Sandstone Key,Sara Tantawy,Adventure,208,2012.0,Oasis Books,Reading Kickoff
9399,1041,504,2025-07-05,,Nada,Rashad,7.0,Nasr City,Active,2024-04-02,2.0,Rooftop Astronomers,Adel Roushdy,Science,319,2009.0,Cairo Young Readers,Reading Kickoff
9400,1055,526,2025-07-11,,Mostafa,Kamel,9.0,Heliopolis,Active,2025-01-04,2.0,The Clockwork Orchard,Mahmoud Rafei,Science Fiction,125,2016.0,Delta House,Reading Kickoff
9401,1061,513,2025-07-06,,Ziad,Fahmy,9.0,zamalek,Inactive,2023-04-27,8.0,Circuits for Beginners,Galal Mounir,Science,294,2021.0,Oasis Books,Reading Kickoff
9402,1012,509,2025-07-11,,Ali,Hegazy,7.0,Maadi ,Active,2025-12-08,,Marbles and Mirrors,Diaa Sultan,Mystery,221,2011.0,Nile Press,Reading Kickoff
9403,1007,510,2025-07-07,,Sherif,Fouad,6.0,Maadi,Active,2025-08-18,3.0,The Missing Metronome,Diaa Sultan,Mystery,134,2013.0,Cairo Young Readers,Reading Kickoff
9404,1073,530,2025-07-07,,Yassin,Kamel,7.0,Zamalek,Inactive,2025-08-26,2.0,The Sandstone Key,Sara Tantawy,Adventure,208,2012.0,Oasis Books,Reading Kickoff
9405,1003,501,2025-07-08,,Bassel,Hegazy,6.0,Maadi,Active,2025-04-23,9.0,The Silver Kite,Amina Darwish,Adventure,128,2017.0,Nile Press,Reading Kickoff
9406,1017,507,2025-07-11,,Adam,Badr,9.0,Maadi,Active,2025-07-12,2.0,Fossils and Fireflies,Dalia Serry,Science,160,2024.0,Nile Press,Reading Kickoff
9407,1061,504,2025-07-06,,Ziad,Fahmy,9.0,zamalek,Inactive,2023-04-27,8.0,Rooftop Astronomers,Adel Roushdy,Science,319,2009.0,Cairo Young Readers,Reading Kickoff
9408,1201,523,2025-07-08,,,,,,,,,Footsteps in the Dust,Laila Shokry,Historical,276,2018.0,Oasis Books,Reading Kickoff
9409,1041,512,2025-07-06,,Nada,Rashad,7.0,Nasr City,Active,2024-04-02,2.0,The Cartographer's Cat,Farida Anwar,Adventure,238,2022.0,Delta House,Reading Kickoff
